"year","site","boxes","nests","prop_occ","mean_occ","rel_occ","suc_total","suc_av","suc_mean","rel_suc"
2014,"ALN",6,2,0.333333333333333,0.522727272727273,-0.189393939393939,17,2.83333333333333,2.56439393939394,0.268939393939394
2015,"ALN",6,4,0.666666666666667,0.522727272727273,0.143939393939394,16,2.66666666666667,2.56439393939394,0.102272727272727
2016,"ALN",6,3,0.5,0.522727272727273,-0.0227272727272727,17,2.83333333333333,2.56439393939394,0.268939393939394
2017,"ALN",8,3,0.375,0.522727272727273,-0.147727272727273,8,1,2.56439393939394,-1.56439393939394
2018,"ALN",8,5,0.625,0.522727272727273,0.102272727272727,23,2.875,2.56439393939394,0.310606060606061
2019,"ALN",8,4,0.5,0.522727272727273,-0.0227272727272727,27,3.375,2.56439393939394,0.810606060606061
2020,"ALN",8,6,0.75,0.522727272727273,0.227272727272727,24,3,2.56439393939394,0.435606060606061
2021,"ALN",8,7,0.875,0.522727272727273,0.352272727272727,30,3.75,2.56439393939394,1.18560606060606
2022,"ALN",8,2,0.25,0.522727272727273,-0.272727272727273,10,1.25,2.56439393939394,-1.31439393939394
2023,"ALN",8,4,0.5,0.522727272727273,-0.0227272727272727,27,3.375,2.56439393939394,0.810606060606061
2024,"ALN",8,3,0.375,0.522727272727273,-0.147727272727273,10,1.25,2.56439393939394,-1.31439393939394
2016,"ART",6,4,0.666666666666667,0.75462962962963,-0.087962962962963,20,3.33333333333333,4.9537037037037,-1.62037037037037
2017,"ART",8,6,0.75,0.75462962962963,-0.00462962962962965,40,5,4.9537037037037,0.0462962962962958
2018,"ART",8,6,0.75,0.75462962962963,-0.00462962962962965,51,6.375,4.9537037037037,1.4212962962963
2019,"ART",8,7,0.875,0.75462962962963,0.12037037037037,68,8.5,4.9537037037037,3.5462962962963
2020,"ART",8,5,0.625,0.75462962962963,-0.12962962962963,22,2.75,4.9537037037037,-2.2037037037037
2021,"ART",8,7,0.875,0.75462962962963,0.12037037037037,42,5.25,4.9537037037037,0.296296296296296
2022,"ART",8,6,0.75,0.75462962962963,-0.00462962962962965,48,6,4.9537037037037,1.0462962962963
2023,"ART",8,8,1,0.75462962962963,0.24537037037037,52,6.5,4.9537037037037,1.5462962962963
2024,"ART",8,4,0.5,0.75462962962963,-0.25462962962963,7,0.875,4.9537037037037,-4.0787037037037
2014,"AVI",6,1,0.166666666666667,0.492424242424242,-0.325757575757576,8,1.33333333333333,3.06818181818182,-1.73484848484849
2015,"AVI",6,4,0.666666666666667,0.492424242424242,0.174242424242424,25,4.16666666666667,3.06818181818182,1.09848484848485
2016,"AVI",6,2,0.333333333333333,0.492424242424242,-0.159090909090909,15,2.5,3.06818181818182,-0.568181818181818
2017,"AVI",8,3,0.375,0.492424242424242,-0.117424242424242,24,3,3.06818181818182,-0.0681818181818183
2018,"AVI",8,4,0.5,0.492424242424242,0.00757575757575757,33,4.125,3.06818181818182,1.05681818181818
2019,"AVI",8,5,0.625,0.492424242424242,0.132575757575758,41,5.125,3.06818181818182,2.05681818181818
2020,"AVI",8,4,0.5,0.492424242424242,0.00757575757575757,15,1.875,3.06818181818182,-1.19318181818182
2021,"AVI",8,5,0.625,0.492424242424242,0.132575757575758,20,2.5,3.06818181818182,-0.568181818181818
2022,"AVI",8,5,0.625,0.492424242424242,0.132575757575758,31,3.875,3.06818181818182,0.806818181818182
2023,"AVI",8,4,0.5,0.492424242424242,0.00757575757575757,26,3.25,3.06818181818182,0.181818181818182
2024,"AVI",8,4,0.5,0.492424242424242,0.00757575757575757,16,2,3.06818181818182,-1.06818181818182
2015,"AVN",6,6,1,0.845833333333333,0.154166666666667,36,6,5.065,0.935
2016,"AVN",6,5,0.833333333333333,0.845833333333333,-0.0125,42,7,5.065,1.935
2017,"AVN",8,6,0.75,0.845833333333333,-0.0958333333333333,48,6,5.065,0.935
2018,"AVN",8,6,0.75,0.845833333333333,-0.0958333333333333,56,7,5.065,1.935
2019,"AVN",8,7,0.875,0.845833333333333,0.0291666666666667,43,5.375,5.065,0.31
2020,"AVN",8,7,0.875,0.845833333333333,0.0291666666666667,53,6.625,5.065,1.56
2021,"AVN",8,6,0.75,0.845833333333333,-0.0958333333333333,30,3.75,5.065,-1.315
2022,"AVN",8,5,0.625,0.845833333333333,-0.220833333333333,36,4.5,5.065,-0.565
2023,"AVN",5,5,1,0.845833333333333,0.154166666666667,14,2.8,5.065,-2.265
2024,"AVN",5,5,1,0.845833333333333,0.154166666666667,8,1.6,5.065,-3.465
2014,"BAD",6,4,0.666666666666667,0.803030303030303,-0.136363636363636,38,6.33333333333333,4.57272727272727,1.76060606060606
2015,"BAD",5,5,1,0.803030303030303,0.196969696969697,19,3.8,4.57272727272727,-0.772727272727272
2016,"BAD",6,5,0.833333333333333,0.803030303030303,0.0303030303030304,33,5.5,4.57272727272727,0.927272727272728
2017,"BAD",6,4,0.666666666666667,0.803030303030303,-0.136363636363636,24,4,4.57272727272727,-0.572727272727272
2018,"BAD",6,5,0.833333333333333,0.803030303030303,0.0303030303030304,33,5.5,4.57272727272727,0.927272727272728
2019,"BAD",6,3,0.5,0.803030303030303,-0.303030303030303,30,5,4.57272727272727,0.427272727272728
2020,"BAD",6,4,0.666666666666667,0.803030303030303,-0.136363636363636,23,3.83333333333333,4.57272727272727,-0.739393939393939
2021,"BAD",6,5,0.833333333333333,0.803030303030303,0.0303030303030304,31,5.16666666666667,4.57272727272727,0.593939393939395
2022,"BAD",6,6,1,0.803030303030303,0.196969696969697,23,3.83333333333333,4.57272727272727,-0.739393939393939
2023,"BAD",6,6,1,0.803030303030303,0.196969696969697,32,5.33333333333333,4.57272727272727,0.760606060606061
2024,"BAD",6,5,0.833333333333333,0.803030303030303,0.0303030303030304,12,2,4.57272727272727,-2.57272727272727
2014,"BIR",6,3,0.5,0.526515151515151,-0.0265151515151515,27,4.5,3.06060606060606,1.43939393939394
2015,"BIR",6,6,1,0.526515151515151,0.473484848484849,23,3.83333333333333,3.06060606060606,0.772727272727273
2016,"BIR",6,4,0.666666666666667,0.526515151515151,0.140151515151515,14,2.33333333333333,3.06060606060606,-0.727272727272727
2017,"BIR",8,3,0.375,0.526515151515151,-0.151515151515151,13,1.625,3.06060606060606,-1.43560606060606
2018,"BIR",8,4,0.5,0.526515151515151,-0.0265151515151515,25,3.125,3.06060606060606,0.0643939393939394
2019,"BIR",8,3,0.375,0.526515151515151,-0.151515151515151,33,4.125,3.06060606060606,1.06439393939394
2020,"BIR",8,4,0.5,0.526515151515151,-0.0265151515151515,30,3.75,3.06060606060606,0.689393939393939
2021,"BIR",8,4,0.5,0.526515151515151,-0.0265151515151515,29,3.625,3.06060606060606,0.564393939393939
2022,"BIR",8,3,0.375,0.526515151515151,-0.151515151515151,16,2,3.06060606060606,-1.06060606060606
2023,"BIR",8,4,0.5,0.526515151515151,-0.0265151515151515,21,2.625,3.06060606060606,-0.435606060606061
2024,"BIR",8,4,0.5,0.526515151515151,-0.0265151515151515,17,2.125,3.06060606060606,-0.935606060606061
2014,"BLA",6,3,0.5,0.575757575757576,-0.0757575757575758,16,2.66666666666667,2.51515151515152,0.151515151515151
2015,"BLA",6,5,0.833333333333333,0.575757575757576,0.257575757575758,27,4.5,2.51515151515152,1.98484848484848
2016,"BLA",6,3,0.5,0.575757575757576,-0.0757575757575758,9,1.5,2.51515151515152,-1.01515151515152
2017,"BLA",8,3,0.375,0.575757575757576,-0.200757575757576,17,2.125,2.51515151515152,-0.390151515151515
2018,"BLA",8,4,0.5,0.575757575757576,-0.0757575757575758,24,3,2.51515151515152,0.484848484848485
2019,"BLA",8,5,0.625,0.575757575757576,0.0492424242424242,21,2.625,2.51515151515152,0.109848484848485
2020,"BLA",8,5,0.625,0.575757575757576,0.0492424242424242,22,2.75,2.51515151515152,0.234848484848485
2021,"BLA",8,4,0.5,0.575757575757576,-0.0757575757575758,16,2,2.51515151515152,-0.515151515151515
2022,"BLA",8,4,0.5,0.575757575757576,-0.0757575757575758,24,3,2.51515151515152,0.484848484848485
2023,"BLA",8,5,0.625,0.575757575757576,0.0492424242424242,23,2.875,2.51515151515152,0.359848484848485
2024,"BLA",8,6,0.75,0.575757575757576,0.174242424242424,5,0.625,2.51515151515152,-1.89015151515152
2014,"BLG",6,6,1,0.943181818181818,0.0568181818181818,39,6.5,6.03030303030303,0.46969696969697
2015,"BLG",6,6,1,0.943181818181818,0.0568181818181818,31,5.16666666666667,6.03030303030303,-0.863636363636363
2016,"BLG",6,6,1,0.943181818181818,0.0568181818181818,22,3.66666666666667,6.03030303030303,-2.36363636363636
2017,"BLG",8,7,0.875,0.943181818181818,-0.0681818181818182,43,5.375,6.03030303030303,-0.65530303030303
2018,"BLG",8,7,0.875,0.943181818181818,-0.0681818181818182,54,6.75,6.03030303030303,0.71969696969697
2019,"BLG",8,8,1,0.943181818181818,0.0568181818181818,75,9.375,6.03030303030303,3.34469696969697
2020,"BLG",8,8,1,0.943181818181818,0.0568181818181818,62,7.75,6.03030303030303,1.71969696969697
2021,"BLG",8,8,1,0.943181818181818,0.0568181818181818,43,5.375,6.03030303030303,-0.65530303030303
2022,"BLG",8,6,0.75,0.943181818181818,-0.193181818181818,42,5.25,6.03030303030303,-0.78030303030303
2023,"BLG",8,8,1,0.943181818181818,0.0568181818181818,61,7.625,6.03030303030303,1.59469696969697
2024,"BLG",8,7,0.875,0.943181818181818,-0.0681818181818182,28,3.5,6.03030303030303,-2.53030303030303
2014,"CAL",6,1,0.166666666666667,0.348484848484849,-0.181818181818182,14,2.33333333333333,2.21590909090909,0.117424242424243
2015,"CAL",6,2,0.333333333333333,0.348484848484849,-0.0151515151515152,17,2.83333333333333,2.21590909090909,0.617424242424243
2016,"CAL",6,2,0.333333333333333,0.348484848484849,-0.0151515151515152,8,1.33333333333333,2.21590909090909,-0.882575757575758
2017,"CAL",8,2,0.25,0.348484848484849,-0.0984848484848485,16,2,2.21590909090909,-0.215909090909091
2018,"CAL",8,2,0.25,0.348484848484849,-0.0984848484848485,17,2.125,2.21590909090909,-0.0909090909090908
2019,"CAL",8,4,0.5,0.348484848484849,0.151515151515151,35,4.375,2.21590909090909,2.15909090909091
2020,"CAL",8,3,0.375,0.348484848484849,0.0265151515151515,18,2.25,2.21590909090909,0.0340909090909092
2021,"CAL",8,3,0.375,0.348484848484849,0.0265151515151515,12,1.5,2.21590909090909,-0.715909090909091
2022,"CAL",8,3,0.375,0.348484848484849,0.0265151515151515,19,2.375,2.21590909090909,0.159090909090909
2023,"CAL",8,4,0.5,0.348484848484849,0.151515151515151,21,2.625,2.21590909090909,0.409090909090909
2024,"CAL",8,3,0.375,0.348484848484849,0.0265151515151515,5,0.625,2.21590909090909,-1.59090909090909
2014,"CAR",6,2,0.333333333333333,0.515151515151515,-0.181818181818182,12,2,1.60606060606061,0.393939393939394
2015,"CAR",6,4,0.666666666666667,0.515151515151515,0.151515151515151,11,1.83333333333333,1.60606060606061,0.227272727272727
2016,"CAR",6,2,0.333333333333333,0.515151515151515,-0.181818181818182,4,0.666666666666667,1.60606060606061,-0.939393939393939
2017,"CAR",6,2,0.333333333333333,0.515151515151515,-0.181818181818182,6,1,1.60606060606061,-0.606060606060606
2018,"CAR",6,2,0.333333333333333,0.515151515151515,-0.181818181818182,8,1.33333333333333,1.60606060606061,-0.272727272727273
2019,"CAR",6,3,0.5,0.515151515151515,-0.0151515151515151,9,1.5,1.60606060606061,-0.106060606060606
2020,"CAR",6,4,0.666666666666667,0.515151515151515,0.151515151515151,9,1.5,1.60606060606061,-0.106060606060606
2021,"CAR",6,4,0.666666666666667,0.515151515151515,0.151515151515151,8,1.33333333333333,1.60606060606061,-0.272727272727273
2022,"CAR",6,3,0.5,0.515151515151515,-0.0151515151515151,8,1.33333333333333,1.60606060606061,-0.272727272727273
2023,"CAR",6,4,0.666666666666667,0.515151515151515,0.151515151515151,18,3,1.60606060606061,1.39393939393939
2024,"CAR",6,4,0.666666666666667,0.515151515151515,0.151515151515151,13,2.16666666666667,1.60606060606061,0.560606060606061
2014,"CRU",6,2,0.333333333333333,0.287878787878788,0.0454545454545454,11,1.83333333333333,1.31439393939394,0.518939393939394
2015,"CRU",6,3,0.5,0.287878787878788,0.212121212121212,9,1.5,1.31439393939394,0.185606060606061
2016,"CRU",6,2,0.333333333333333,0.287878787878788,0.0454545454545454,15,2.5,1.31439393939394,1.18560606060606
2017,"CRU",8,1,0.125,0.287878787878788,-0.162878787878788,4,0.5,1.31439393939394,-0.814393939393939
2018,"CRU",8,3,0.375,0.287878787878788,0.0871212121212121,16,2,1.31439393939394,0.685606060606061
2019,"CRU",8,2,0.25,0.287878787878788,-0.0378787878787879,2,0.25,1.31439393939394,-1.06439393939394
2020,"CRU",8,1,0.125,0.287878787878788,-0.162878787878788,1,0.125,1.31439393939394,-1.18939393939394
2021,"CRU",8,2,0.25,0.287878787878788,-0.0378787878787879,11,1.375,1.31439393939394,0.0606060606060606
2022,"CRU",8,1,0.125,0.287878787878788,-0.162878787878788,5,0.625,1.31439393939394,-0.689393939393939
2023,"CRU",8,3,0.375,0.287878787878788,0.0871212121212121,19,2.375,1.31439393939394,1.06060606060606
2024,"CRU",8,3,0.375,0.287878787878788,0.0871212121212121,11,1.375,1.31439393939394,0.0606060606060606
2014,"DAV",6,4,0.666666666666667,0.588541666666667,0.078125,28,4.66666666666667,1.953125,2.71354166666667
2015,"DAV",6,4,0.666666666666667,0.588541666666667,0.078125,5,0.833333333333333,1.953125,-1.11979166666667
2016,"DAV",6,3,0.5,0.588541666666667,-0.0885416666666666,12,2,1.953125,0.046875
2017,"DAV",8,6,0.75,0.588541666666667,0.161458333333333,14,1.75,1.953125,-0.203125
2018,"DAV",8,5,0.625,0.588541666666667,0.0364583333333334,20,2.5,1.953125,0.546875
2019,"DAV",8,5,0.625,0.588541666666667,0.0364583333333334,11,1.375,1.953125,-0.578125
2020,"DAV",8,4,0.5,0.588541666666667,-0.0885416666666666,12,1.5,1.953125,-0.453125
2021,"DAV",8,3,0.375,0.588541666666667,-0.213541666666667,8,1,1.953125,-0.953125
2014,"DEL",6,4,0.666666666666667,0.753787878787879,-0.0871212121212122,29,4.83333333333333,4.3030303030303,0.53030303030303
2015,"DEL",6,6,1,0.753787878787879,0.246212121212121,24,4,4.3030303030303,-0.303030303030303
2016,"DEL",6,6,1,0.753787878787879,0.246212121212121,39,6.5,4.3030303030303,2.1969696969697
2017,"DEL",8,5,0.625,0.753787878787879,-0.128787878787879,26,3.25,4.3030303030303,-1.0530303030303
2018,"DEL",8,6,0.75,0.753787878787879,-0.00378787878787878,43,5.375,4.3030303030303,1.0719696969697
2019,"DEL",8,7,0.875,0.753787878787879,0.121212121212121,53,6.625,4.3030303030303,2.3219696969697
2020,"DEL",8,5,0.625,0.753787878787879,-0.128787878787879,28,3.5,4.3030303030303,-0.803030303030303
2021,"DEL",8,6,0.75,0.753787878787879,-0.00378787878787878,26,3.25,4.3030303030303,-1.0530303030303
2022,"DEL",8,5,0.625,0.753787878787879,-0.128787878787879,23,2.875,4.3030303030303,-1.4280303030303
2023,"DEL",8,6,0.75,0.753787878787879,-0.00378787878787878,43,5.375,4.3030303030303,1.0719696969697
2024,"DEL",8,5,0.625,0.753787878787879,-0.128787878787879,14,1.75,4.3030303030303,-2.5530303030303
2014,"DLW",6,1,0.166666666666667,0.196969696969697,-0.0303030303030303,10,1.66666666666667,1.18181818181818,0.484848484848485
2015,"DLW",6,2,0.333333333333333,0.196969696969697,0.136363636363636,5,0.833333333333333,1.18181818181818,-0.348484848484849
2016,"DLW",6,1,0.166666666666667,0.196969696969697,-0.0303030303030303,10,1.66666666666667,1.18181818181818,0.484848484848485
2017,"DLW",6,2,0.333333333333333,0.196969696969697,0.136363636363636,12,2,1.18181818181818,0.818181818181818
2018,"DLW",6,2,0.333333333333333,0.196969696969697,0.136363636363636,15,2.5,1.18181818181818,1.31818181818182
2019,"DLW",6,1,0.166666666666667,0.196969696969697,-0.0303030303030303,2,0.333333333333333,1.18181818181818,-0.848484848484849
2020,"DLW",6,1,0.166666666666667,0.196969696969697,-0.0303030303030303,1,0.166666666666667,1.18181818181818,-1.01515151515152
2021,"DLW",6,0,0,0.196969696969697,-0.196969696969697,0,0,1.18181818181818,-1.18181818181818
2022,"DLW",6,1,0.166666666666667,0.196969696969697,-0.0303030303030303,5,0.833333333333333,1.18181818181818,-0.348484848484849
2023,"DLW",6,1,0.166666666666667,0.196969696969697,-0.0303030303030303,8,1.33333333333333,1.18181818181818,0.151515151515151
2024,"DLW",6,1,0.166666666666667,0.196969696969697,-0.0303030303030303,10,1.66666666666667,1.18181818181818,0.484848484848485
2014,"DNC",6,1,0.166666666666667,0.28030303030303,-0.113636363636364,17,2.83333333333333,1.70075757575758,1.13257575757576
2015,"DNC",6,2,0.333333333333333,0.28030303030303,0.053030303030303,6,1,1.70075757575758,-0.700757575757576
2016,"DNC",6,2,0.333333333333333,0.28030303030303,0.053030303030303,18,3,1.70075757575758,1.29924242424242
2017,"DNC",8,2,0.25,0.28030303030303,-0.0303030303030303,19,2.375,1.70075757575758,0.674242424242424
2018,"DNC",8,1,0.125,0.28030303030303,-0.15530303030303,10,1.25,1.70075757575758,-0.450757575757576
2019,"DNC",8,2,0.25,0.28030303030303,-0.0303030303030303,9,1.125,1.70075757575758,-0.575757575757576
2020,"DNC",8,2,0.25,0.28030303030303,-0.0303030303030303,0,0,1.70075757575758,-1.70075757575758
2021,"DNC",8,2,0.25,0.28030303030303,-0.0303030303030303,10,1.25,1.70075757575758,-0.450757575757576
2022,"DNC",8,3,0.375,0.28030303030303,0.0946969696969697,14,1.75,1.70075757575758,0.0492424242424243
2023,"DNC",8,3,0.375,0.28030303030303,0.0946969696969697,26,3.25,1.70075757575758,1.54924242424242
2024,"DNC",8,3,0.375,0.28030303030303,0.0946969696969697,7,0.875,1.70075757575758,-0.825757575757576
2014,"DNM",6,0,0,0.46969696969697,-0.46969696969697,0,0,2.03787878787879,-2.03787878787879
2015,"DNM",6,2,0.333333333333333,0.46969696969697,-0.136363636363636,6,1,2.03787878787879,-1.03787878787879
2016,"DNM",6,2,0.333333333333333,0.46969696969697,-0.136363636363636,13,2.16666666666667,2.03787878787879,0.128787878787878
2017,"DNM",8,2,0.25,0.46969696969697,-0.21969696969697,12,1.5,2.03787878787879,-0.537878787878788
2018,"DNM",8,4,0.5,0.46969696969697,0.0303030303030303,18,2.25,2.03787878787879,0.212121212121212
2019,"DNM",8,4,0.5,0.46969696969697,0.0303030303030303,20,2.5,2.03787878787879,0.462121212121212
2020,"DNM",8,6,0.75,0.46969696969697,0.28030303030303,20,2.5,2.03787878787879,0.462121212121212
2021,"DNM",8,4,0.5,0.46969696969697,0.0303030303030303,10,1.25,2.03787878787879,-0.787878787878788
2022,"DNM",8,4,0.5,0.46969696969697,0.0303030303030303,26,3.25,2.03787878787879,1.21212121212121
2023,"DNM",8,6,0.75,0.46969696969697,0.28030303030303,35,4.375,2.03787878787879,2.33712121212121
2024,"DNM",8,6,0.75,0.46969696969697,0.28030303030303,13,1.625,2.03787878787879,-0.412878787878788
2015,"DNS",4,1,0.25,0.3,-0.05,3,0.75,1.05,-0.3
2016,"DNS",4,1,0.25,0.3,-0.05,0,0,1.05,-1.05
2017,"DNS",4,1,0.25,0.3,-0.05,5,1.25,1.05,0.2
2018,"DNS",4,0,0,0.3,-0.3,0,0,1.05,-1.05
2019,"DNS",4,0,0,0.3,-0.3,0,0,1.05,-1.05
2020,"DNS",4,1,0.25,0.3,-0.05,7,1.75,1.05,0.7
2021,"DNS",4,2,0.5,0.3,0.2,5,1.25,1.05,0.2
2022,"DNS",4,2,0.5,0.3,0.2,10,2.5,1.05,1.45
2023,"DNS",4,2,0.5,0.3,0.2,12,3,1.05,1.95
2024,"DNS",4,2,0.5,0.3,0.2,0,0,1.05,-1.05
2014,"DOR",6,4,0.666666666666667,0.596969696969697,0.0696969696969697,17,2.83333333333333,2.11818181818182,0.715151515151515
2015,"DOR",6,3,0.5,0.596969696969697,-0.0969696969696969,4,0.666666666666667,2.11818181818182,-1.45151515151515
2016,"DOR",5,2,0.4,0.596969696969697,-0.196969696969697,4,0.8,2.11818181818182,-1.31818181818182
2017,"DOR",6,3,0.5,0.596969696969697,-0.0969696969696969,11,1.83333333333333,2.11818181818182,-0.284848484848485
2018,"DOR",6,3,0.5,0.596969696969697,-0.0969696969696969,17,2.83333333333333,2.11818181818182,0.715151515151515
2019,"DOR",6,4,0.666666666666667,0.596969696969697,0.0696969696969697,22,3.66666666666667,2.11818181818182,1.54848484848485
2020,"DOR",6,5,0.833333333333333,0.596969696969697,0.236363636363636,17,2.83333333333333,2.11818181818182,0.715151515151515
2021,"DOR",6,4,0.666666666666667,0.596969696969697,0.0696969696969697,11,1.83333333333333,2.11818181818182,-0.284848484848485
2022,"DOR",6,2,0.333333333333333,0.596969696969697,-0.263636363636364,12,2,2.11818181818182,-0.118181818181818
2023,"DOR",6,4,0.666666666666667,0.596969696969697,0.0696969696969697,21,3.5,2.11818181818182,1.38181818181818
2024,"DOR",6,5,0.833333333333333,0.596969696969697,0.236363636363636,3,0.5,2.11818181818182,-1.61818181818182
2017,"DOW",8,5,0.625,0.78125,-0.15625,3,0.375,4.046875,-3.671875
2018,"DOW",8,7,0.875,0.78125,0.09375,47,5.875,4.046875,1.828125
2019,"DOW",8,6,0.75,0.78125,-0.03125,44,5.5,4.046875,1.453125
2020,"DOW",8,7,0.875,0.78125,0.09375,41,5.125,4.046875,1.078125
2021,"DOW",8,7,0.875,0.78125,0.09375,43,5.375,4.046875,1.328125
2022,"DOW",8,6,0.75,0.78125,-0.03125,36,4.5,4.046875,0.453125
2023,"DOW",8,8,1,0.78125,0.21875,38,4.75,4.046875,0.703125
2024,"DOW",8,4,0.5,0.78125,-0.28125,7,0.875,4.046875,-3.171875
2014,"DUN",6,1,0.166666666666667,0.287878787878788,-0.121212121212121,0,0,1.45833333333333,-1.45833333333333
2015,"DUN",6,2,0.333333333333333,0.287878787878788,0.0454545454545454,7,1.16666666666667,1.45833333333333,-0.291666666666667
2016,"DUN",6,1,0.166666666666667,0.287878787878788,-0.121212121212121,3,0.5,1.45833333333333,-0.958333333333333
2017,"DUN",8,3,0.375,0.287878787878788,0.0871212121212121,6,0.75,1.45833333333333,-0.708333333333333
2018,"DUN",8,3,0.375,0.287878787878788,0.0871212121212121,22,2.75,1.45833333333333,1.29166666666667
2019,"DUN",8,1,0.125,0.287878787878788,-0.162878787878788,10,1.25,1.45833333333333,-0.208333333333333
2020,"DUN",8,4,0.5,0.287878787878788,0.212121212121212,27,3.375,1.45833333333333,1.91666666666667
2021,"DUN",8,2,0.25,0.287878787878788,-0.0378787878787879,14,1.75,1.45833333333333,0.291666666666667
2022,"DUN",8,2,0.25,0.287878787878788,-0.0378787878787879,19,2.375,1.45833333333333,0.916666666666667
2023,"DUN",8,2,0.25,0.287878787878788,-0.0378787878787879,11,1.375,1.45833333333333,-0.0833333333333333
2024,"DUN",8,3,0.375,0.287878787878788,0.0871212121212121,6,0.75,1.45833333333333,-0.708333333333333
2015,"EDI",6,5,0.833333333333333,0.908333333333333,-0.075,20,3.33333333333333,5.17916666666667,-1.84583333333333
2016,"EDI",6,6,1,0.908333333333333,0.0916666666666667,32,5.33333333333333,5.17916666666667,0.154166666666667
2017,"EDI",8,7,0.875,0.908333333333333,-0.0333333333333333,39,4.875,5.17916666666667,-0.304166666666666
2018,"EDI",8,7,0.875,0.908333333333333,-0.0333333333333333,54,6.75,5.17916666666667,1.57083333333333
2019,"EDI",8,8,1,0.908333333333333,0.0916666666666667,61,7.625,5.17916666666667,2.44583333333333
2020,"EDI",8,8,1,0.908333333333333,0.0916666666666667,48,6,5.17916666666667,0.820833333333334
2021,"EDI",8,8,1,0.908333333333333,0.0916666666666667,43,5.375,5.17916666666667,0.195833333333334
2022,"EDI",8,8,1,0.908333333333333,0.0916666666666667,51,6.375,5.17916666666667,1.19583333333333
2023,"EDI",8,6,0.75,0.908333333333333,-0.158333333333333,37,4.625,5.17916666666667,-0.554166666666666
2024,"EDI",8,6,0.75,0.908333333333333,-0.158333333333333,12,1.5,5.17916666666667,-3.67916666666667
2014,"FOF",6,6,1,0.909090909090909,0.0909090909090909,34,5.66666666666667,5.6969696969697,-0.0303030303030303
2015,"FOF",6,6,1,0.909090909090909,0.0909090909090909,28,4.66666666666667,5.6969696969697,-1.03030303030303
2016,"FOF",6,6,1,0.909090909090909,0.0909090909090909,50,8.33333333333333,5.6969696969697,2.63636363636364
2017,"FOF",8,8,1,0.909090909090909,0.0909090909090909,55,6.875,5.6969696969697,1.1780303030303
2018,"FOF",8,6,0.75,0.909090909090909,-0.159090909090909,41,5.125,5.6969696969697,-0.571969696969697
2019,"FOF",8,8,1,0.909090909090909,0.0909090909090909,68,8.5,5.6969696969697,2.8030303030303
2020,"FOF",8,8,1,0.909090909090909,0.0909090909090909,59,7.375,5.6969696969697,1.6780303030303
2021,"FOF",8,6,0.75,0.909090909090909,-0.159090909090909,40,5,5.6969696969697,-0.696969696969697
2022,"FOF",8,6,0.75,0.909090909090909,-0.159090909090909,26,3.25,5.6969696969697,-2.4469696969697
2023,"FOF",8,7,0.875,0.909090909090909,-0.0340909090909091,50,6.25,5.6969696969697,0.553030303030303
2024,"FOF",8,7,0.875,0.909090909090909,-0.0340909090909091,13,1.625,5.6969696969697,-4.0719696969697
2014,"FOU",6,4,0.666666666666667,0.590909090909091,0.0757575757575757,32,5.33333333333333,3.41287878787879,1.92045454545455
2015,"FOU",6,4,0.666666666666667,0.590909090909091,0.0757575757575757,19,3.16666666666667,3.41287878787879,-0.246212121212121
2016,"FOU",6,4,0.666666666666667,0.590909090909091,0.0757575757575757,22,3.66666666666667,3.41287878787879,0.253787878787879
2017,"FOU",8,6,0.75,0.590909090909091,0.159090909090909,31,3.875,3.41287878787879,0.462121212121212
2018,"FOU",8,4,0.5,0.590909090909091,-0.0909090909090909,26,3.25,3.41287878787879,-0.162878787878788
2019,"FOU",8,4,0.5,0.590909090909091,-0.0909090909090909,33,4.125,3.41287878787879,0.712121212121212
2020,"FOU",8,3,0.375,0.590909090909091,-0.215909090909091,22,2.75,3.41287878787879,-0.662878787878788
2021,"FOU",8,4,0.5,0.590909090909091,-0.0909090909090909,19,2.375,3.41287878787879,-1.03787878787879
2022,"FOU",8,4,0.5,0.590909090909091,-0.0909090909090909,14,1.75,3.41287878787879,-1.66287878787879
2023,"FOU",8,6,0.75,0.590909090909091,0.159090909090909,32,4,3.41287878787879,0.587121212121212
2024,"FOU",8,5,0.625,0.590909090909091,0.0340909090909091,26,3.25,3.41287878787879,-0.162878787878788
2014,"FSH",6,2,0.333333333333333,0.670454545454545,-0.337121212121212,19,3.16666666666667,3.09848484848485,0.0681818181818179
2015,"FSH",6,5,0.833333333333333,0.670454545454545,0.162878787878788,9,1.5,3.09848484848485,-1.59848484848485
2016,"FSH",6,2,0.333333333333333,0.670454545454545,-0.337121212121212,16,2.66666666666667,3.09848484848485,-0.431818181818182
2017,"FSH",8,6,0.75,0.670454545454545,0.0795454545454546,25,3.125,3.09848484848485,0.0265151515151514
2018,"FSH",8,4,0.5,0.670454545454545,-0.170454545454545,28,3.5,3.09848484848485,0.401515151515151
2019,"FSH",8,6,0.75,0.670454545454545,0.0795454545454546,29,3.625,3.09848484848485,0.526515151515151
2020,"FSH",8,6,0.75,0.670454545454545,0.0795454545454546,24,3,3.09848484848485,-0.0984848484848486
2021,"FSH",8,7,0.875,0.670454545454545,0.204545454545455,27,3.375,3.09848484848485,0.276515151515151
2022,"FSH",8,5,0.625,0.670454545454545,-0.0454545454545454,17,2.125,3.09848484848485,-0.973484848484849
2023,"FSH",8,7,0.875,0.670454545454545,0.204545454545455,46,5.75,3.09848484848485,2.65151515151515
2024,"FSH",8,6,0.75,0.670454545454545,0.0795454545454546,18,2.25,3.09848484848485,-0.848484848484849
2014,"GLF",6,5,0.833333333333333,0.825757575757576,0.00757575757575757,39,6.5,3.76515151515152,2.73484848484848
2015,"GLF",6,6,1,0.825757575757576,0.174242424242424,21,3.5,3.76515151515152,-0.265151515151515
2016,"GLF",6,6,1,0.825757575757576,0.174242424242424,37,6.16666666666667,3.76515151515152,2.40151515151515
2017,"GLF",8,6,0.75,0.825757575757576,-0.0757575757575758,15,1.875,3.76515151515152,-1.89015151515152
2018,"GLF",8,8,1,0.825757575757576,0.174242424242424,42,5.25,3.76515151515152,1.48484848484848
2019,"GLF",8,7,0.875,0.825757575757576,0.0492424242424242,25,3.125,3.76515151515152,-0.640151515151515
2020,"GLF",8,6,0.75,0.825757575757576,-0.0757575757575758,26,3.25,3.76515151515152,-0.515151515151515
2021,"GLF",8,7,0.875,0.825757575757576,0.0492424242424242,40,5,3.76515151515152,1.23484848484848
2022,"GLF",8,6,0.75,0.825757575757576,-0.0757575757575758,25,3.125,3.76515151515152,-0.640151515151515
2023,"GLF",8,4,0.5,0.825757575757576,-0.325757575757576,20,2.5,3.76515151515152,-1.26515151515152
2024,"GLF",8,6,0.75,0.825757575757576,-0.0757575757575758,9,1.125,3.76515151515152,-2.64015151515152
2017,"HWP",8,1,0.125,0.453125,-0.328125,8,1,2.546875,-1.546875
2018,"HWP",8,4,0.5,0.453125,0.046875,25,3.125,2.546875,0.578125
2019,"HWP",8,2,0.25,0.453125,-0.203125,8,1,2.546875,-1.546875
2020,"HWP",8,6,0.75,0.453125,0.296875,28,3.5,2.546875,0.953125
2021,"HWP",8,3,0.375,0.453125,-0.078125,15,1.875,2.546875,-0.671875
2022,"HWP",8,5,0.625,0.453125,0.171875,26,3.25,2.546875,0.703125
2023,"HWP",8,4,0.5,0.453125,0.046875,28,3.5,2.546875,0.953125
2024,"HWP",8,4,0.5,0.453125,0.046875,25,3.125,2.546875,0.578125
2014,"INS",6,1,0.166666666666667,0.352272727272727,-0.185606060606061,7,1.16666666666667,1.60606060606061,-0.439393939393939
2015,"INS",6,1,0.166666666666667,0.352272727272727,-0.185606060606061,0,0,1.60606060606061,-1.60606060606061
2016,"INS",6,1,0.166666666666667,0.352272727272727,-0.185606060606061,9,1.5,1.60606060606061,-0.106060606060606
2017,"INS",8,3,0.375,0.352272727272727,0.0227272727272727,14,1.75,1.60606060606061,0.143939393939394
2018,"INS",8,4,0.5,0.352272727272727,0.147727272727273,27,3.375,1.60606060606061,1.76893939393939
2019,"INS",8,4,0.5,0.352272727272727,0.147727272727273,17,2.125,1.60606060606061,0.518939393939394
2020,"INS",8,4,0.5,0.352272727272727,0.147727272727273,14,1.75,1.60606060606061,0.143939393939394
2021,"INS",8,3,0.375,0.352272727272727,0.0227272727272727,12,1.5,1.60606060606061,-0.106060606060606
2022,"INS",8,3,0.375,0.352272727272727,0.0227272727272727,14,1.75,1.60606060606061,0.143939393939394
2023,"INS",8,2,0.25,0.352272727272727,-0.102272727272727,8,1,1.60606060606061,-0.606060606060606
2024,"INS",8,4,0.5,0.352272727272727,0.147727272727273,14,1.75,1.60606060606061,0.143939393939394
2014,"KCK/KCZ",6,4,0.666666666666667,0.545454545454545,0.121212121212121,28,4.66666666666667,2.96969696969697,1.6969696969697
2015,"KCK/KCZ",12,8,0.666666666666667,0.545454545454545,0.121212121212121,38,3.16666666666667,2.96969696969697,0.196969696969697
2016,"KCK/KCZ",12,8,0.666666666666667,0.545454545454545,0.121212121212121,31,2.58333333333333,2.96969696969697,-0.386363636363636
2017,"KCK/KCZ",16,5,0.3125,0.545454545454545,-0.232954545454545,22,1.375,2.96969696969697,-1.59469696969697
2018,"KCK/KCZ",16,7,0.4375,0.545454545454545,-0.107954545454545,50,3.125,2.96969696969697,0.15530303030303
2019,"KCK/KCZ",16,12,0.75,0.545454545454545,0.204545454545455,91,5.6875,2.96969696969697,2.71780303030303
2020,"KCK/KCZ",16,9,0.5625,0.545454545454545,0.0170454545454546,57,3.5625,2.96969696969697,0.59280303030303
2021,"KCK/KCZ",16,8,0.5,0.545454545454545,-0.0454545454545454,33,2.0625,2.96969696969697,-0.90719696969697
2022,"KCK/KCZ",16,6,0.375,0.545454545454545,-0.170454545454545,33,2.0625,2.96969696969697,-0.90719696969697
2023,"KCK/KCZ",16,11,0.6875,0.545454545454545,0.142045454545455,59,3.6875,2.96969696969697,0.71780303030303
2024,"KCK/KCZ",16,6,0.375,0.545454545454545,-0.170454545454545,11,0.6875,2.96969696969697,-2.28219696969697
2014,"LVN",6,4,0.666666666666667,0.715909090909091,-0.0492424242424243,28,4.66666666666667,3.88257575757576,0.784090909090909
2015,"LVN",6,5,0.833333333333333,0.715909090909091,0.117424242424242,22,3.66666666666667,3.88257575757576,-0.215909090909091
2016,"LVN",6,3,0.5,0.715909090909091,-0.215909090909091,15,2.5,3.88257575757576,-1.38257575757576
2017,"LVN",8,6,0.75,0.715909090909091,0.0340909090909091,33,4.125,3.88257575757576,0.242424242424242
2018,"LVN",8,6,0.75,0.715909090909091,0.0340909090909091,42,5.25,3.88257575757576,1.36742424242424
2019,"LVN",8,6,0.75,0.715909090909091,0.0340909090909091,31,3.875,3.88257575757576,-0.00757575757575779
2020,"LVN",8,5,0.625,0.715909090909091,-0.0909090909090909,20,2.5,3.88257575757576,-1.38257575757576
2021,"LVN",8,5,0.625,0.715909090909091,-0.0909090909090909,21,2.625,3.88257575757576,-1.25757575757576
2022,"LVN",8,6,0.75,0.715909090909091,0.0340909090909091,32,4,3.88257575757576,0.117424242424242
2023,"LVN",8,7,0.875,0.715909090909091,0.159090909090909,44,5.5,3.88257575757576,1.61742424242424
2024,"LVN",8,6,0.75,0.715909090909091,0.0340909090909091,32,4,3.88257575757576,0.117424242424242
2014,"MCH",6,3,0.5,0.663636363636364,-0.163636363636364,29,4.83333333333333,4.13333333333333,0.699999999999999
2015,"MCH",5,4,0.8,0.663636363636364,0.136363636363636,19,3.8,4.13333333333333,-0.333333333333334
2016,"MCH",6,4,0.666666666666667,0.663636363636364,0.00303030303030294,18,3,4.13333333333333,-1.13333333333333
2017,"MCH",6,3,0.5,0.663636363636364,-0.163636363636364,20,3.33333333333333,4.13333333333333,-0.8
2018,"MCH",6,3,0.5,0.663636363636364,-0.163636363636364,25,4.16666666666667,4.13333333333333,0.0333333333333332
2019,"MCH",6,5,0.833333333333333,0.663636363636364,0.16969696969697,34,5.66666666666667,4.13333333333333,1.53333333333333
2020,"MCH",6,5,0.833333333333333,0.663636363636364,0.16969696969697,36,6,4.13333333333333,1.86666666666667
2021,"MCH",6,4,0.666666666666667,0.663636363636364,0.00303030303030294,24,4,4.13333333333333,-0.133333333333334
2022,"MCH",6,3,0.5,0.663636363636364,-0.163636363636364,13,2.16666666666667,4.13333333333333,-1.96666666666667
2023,"MCH",6,6,1,0.663636363636364,0.336363636363636,40,6.66666666666667,4.13333333333333,2.53333333333333
2024,"MCH",6,3,0.5,0.663636363636364,-0.163636363636364,11,1.83333333333333,4.13333333333333,-2.3
2014,"MUN",6,4,0.666666666666667,0.609848484848485,0.0568181818181818,17,2.83333333333333,2.58712121212121,0.246212121212122
2015,"MUN",6,4,0.666666666666667,0.609848484848485,0.0568181818181818,12,2,2.58712121212121,-0.587121212121212
2016,"MUN",6,3,0.5,0.609848484848485,-0.109848484848485,24,4,2.58712121212121,1.41287878787879
2017,"MUN",8,6,0.75,0.609848484848485,0.140151515151515,16,2,2.58712121212121,-0.587121212121212
2018,"MUN",8,5,0.625,0.609848484848485,0.0151515151515151,28,3.5,2.58712121212121,0.912878787878788
2019,"MUN",8,5,0.625,0.609848484848485,0.0151515151515151,24,3,2.58712121212121,0.412878787878788
2020,"MUN",8,0,0,0.609848484848485,-0.609848484848485,0,0,2.58712121212121,-2.58712121212121
2021,"MUN",8,7,0.875,0.609848484848485,0.265151515151515,25,3.125,2.58712121212121,0.537878787878788
2022,"MUN",8,6,0.75,0.609848484848485,0.140151515151515,28,3.5,2.58712121212121,0.912878787878788
2023,"MUN",8,7,0.875,0.609848484848485,0.265151515151515,22,2.75,2.58712121212121,0.162878787878788
2024,"MUN",8,3,0.375,0.609848484848485,-0.234848484848485,14,1.75,2.58712121212121,-0.837121212121212
2014,"NEW",6,3,0.5,0.553030303030303,-0.053030303030303,23,3.83333333333333,2.95833333333333,0.875
2015,"NEW",6,4,0.666666666666667,0.553030303030303,0.113636363636364,12,2,2.95833333333333,-0.958333333333333
2016,"NEW",6,4,0.666666666666667,0.553030303030303,0.113636363636364,20,3.33333333333333,2.95833333333333,0.375
2017,"NEW",8,4,0.5,0.553030303030303,-0.053030303030303,13,1.625,2.95833333333333,-1.33333333333333
2018,"NEW",8,3,0.375,0.553030303030303,-0.178030303030303,19,2.375,2.95833333333333,-0.583333333333333
2019,"NEW",8,5,0.625,0.553030303030303,0.071969696969697,31,3.875,2.95833333333333,0.916666666666667
2020,"NEW",8,4,0.5,0.553030303030303,-0.053030303030303,29,3.625,2.95833333333333,0.666666666666667
2021,"NEW",8,4,0.5,0.553030303030303,-0.053030303030303,17,2.125,2.95833333333333,-0.833333333333333
2022,"NEW",8,3,0.375,0.553030303030303,-0.178030303030303,22,2.75,2.95833333333333,-0.208333333333333
2023,"NEW",8,7,0.875,0.553030303030303,0.321969696969697,44,5.5,2.95833333333333,2.54166666666667
2024,"NEW",8,4,0.5,0.553030303030303,-0.053030303030303,12,1.5,2.95833333333333,-1.45833333333333
2017,"PIT",8,6,0.75,0.890625,-0.140625,50,6.25,5.84375,0.40625
2018,"PIT",8,8,1,0.890625,0.109375,56,7,5.84375,1.15625
2019,"PIT",8,7,0.875,0.890625,-0.015625,54,6.75,5.84375,0.90625
2020,"PIT",8,8,1,0.890625,0.109375,59,7.375,5.84375,1.53125
2021,"PIT",8,6,0.75,0.890625,-0.140625,33,4.125,5.84375,-1.71875
2022,"PIT",8,7,0.875,0.890625,-0.015625,50,6.25,5.84375,0.40625
2023,"PIT",8,8,1,0.890625,0.109375,52,6.5,5.84375,0.65625
2024,"PIT",8,7,0.875,0.890625,-0.015625,20,2.5,5.84375,-3.34375
2014,"PTH",6,4,0.666666666666667,0.833333333333333,-0.166666666666667,30,5,5.52651515151515,-0.526515151515151
2015,"PTH",6,6,1,0.833333333333333,0.166666666666667,34,5.66666666666667,5.52651515151515,0.140151515151516
2016,"PTH",6,3,0.5,0.833333333333333,-0.333333333333333,21,3.5,5.52651515151515,-2.02651515151515
2017,"PTH",8,7,0.875,0.833333333333333,0.0416666666666666,47,5.875,5.52651515151515,0.348484848484849
2018,"PTH",8,7,0.875,0.833333333333333,0.0416666666666666,51,6.375,5.52651515151515,0.848484848484849
2019,"PTH",8,8,1,0.833333333333333,0.166666666666667,75,9.375,5.52651515151515,3.84848484848485
2020,"PTH",8,8,1,0.833333333333333,0.166666666666667,59,7.375,5.52651515151515,1.84848484848485
2021,"PTH",8,8,1,0.833333333333333,0.166666666666667,57,7.125,5.52651515151515,1.59848484848485
2022,"PTH",8,5,0.625,0.833333333333333,-0.208333333333333,19,2.375,5.52651515151515,-3.15151515151515
2023,"PTH",8,7,0.875,0.833333333333333,0.0416666666666666,36,4.5,5.52651515151515,-1.02651515151515
2024,"PTH",8,6,0.75,0.833333333333333,-0.0833333333333334,29,3.625,5.52651515151515,-1.90151515151515
2015,"RSY",6,6,1,0.708333333333333,0.291666666666667,2,0.333333333333333,2.325,-1.99166666666667
2016,"RSY",6,5,0.833333333333333,0.708333333333333,0.125,28,4.66666666666667,2.325,2.34166666666667
2017,"RSY",8,5,0.625,0.708333333333333,-0.0833333333333334,20,2.5,2.325,0.175
2018,"RSY",8,5,0.625,0.708333333333333,-0.0833333333333334,20,2.5,2.325,0.175
2019,"RSY",8,5,0.625,0.708333333333333,-0.0833333333333334,25,3.125,2.325,0.8
2020,"RSY",8,7,0.875,0.708333333333333,0.166666666666667,14,1.75,2.325,-0.575
2021,"RSY",8,7,0.875,0.708333333333333,0.166666666666667,41,5.125,2.325,2.8
2022,"RSY",8,6,0.75,0.708333333333333,0.0416666666666666,18,2.25,2.325,-0.0750000000000002
2023,"RSY",8,3,0.375,0.708333333333333,-0.333333333333333,6,0.75,2.325,-1.575
2024,"RSY",8,4,0.5,0.708333333333333,-0.208333333333333,2,0.25,2.325,-2.075
2015,"RTH",6,2,0.333333333333333,0.491666666666667,-0.158333333333333,15,2.5,3.025,-0.525
2016,"RTH",6,3,0.5,0.491666666666667,0.00833333333333336,20,3.33333333333333,3.025,0.308333333333334
2017,"RTH",6,2,0.333333333333333,0.491666666666667,-0.158333333333333,6,1,3.025,-2.025
2018,"RTH",6,0,0,0.491666666666667,-0.491666666666667,0,0,3.025,-3.025
2019,"RTH",6,4,0.666666666666667,0.491666666666667,0.175,20,3.33333333333333,3.025,0.308333333333334
2020,"RTH",6,4,0.666666666666667,0.491666666666667,0.175,31,5.16666666666667,3.025,2.14166666666667
2021,"RTH",6,3,0.5,0.491666666666667,0.00833333333333336,27,4.5,3.025,1.475
2022,"RTH",6,4,0.666666666666667,0.491666666666667,0.175,32,5.33333333333333,3.025,2.30833333333333
2023,"RTH",6,3,0.5,0.491666666666667,0.00833333333333336,26,4.33333333333333,3.025,1.30833333333333
2024,"RTH",4,3,0.75,0.491666666666667,0.258333333333333,3,0.75,3.025,-2.275
2015,"SER",6,6,1,0.975,0.025,19,3.16666666666667,6.4,-3.23333333333333
2016,"SER",6,6,1,0.975,0.025,47,7.83333333333333,6.4,1.43333333333333
2017,"SER",8,8,1,0.975,0.025,56,7,6.4,0.6
2018,"SER",8,8,1,0.975,0.025,59,7.375,6.4,0.975
2019,"SER",8,7,0.875,0.975,-0.1,62,7.75,6.4,1.35
2020,"SER",8,8,1,0.975,0.025,48,6,6.4,-0.4
2021,"SER",8,8,1,0.975,0.025,55,6.875,6.4,0.475
2022,"SER",8,8,1,0.975,0.025,57,7.125,6.4,0.725
2023,"SER",8,8,1,0.975,0.025,56,7,6.4,0.6
2024,"SER",8,7,0.875,0.975,-0.1,31,3.875,6.4,-2.525
2015,"SLS",6,2,0.333333333333333,0.508333333333333,-0.175,4,0.666666666666667,2.90416666666667,-2.2375
2016,"SLS",6,3,0.5,0.508333333333333,-0.0083333333333333,15,2.5,2.90416666666667,-0.404166666666667
2017,"SLS",8,3,0.375,0.508333333333333,-0.133333333333333,28,3.5,2.90416666666667,0.595833333333333
2018,"SLS",8,4,0.5,0.508333333333333,-0.0083333333333333,38,4.75,2.90416666666667,1.84583333333333
2019,"SLS",8,5,0.625,0.508333333333333,0.116666666666667,32,4,2.90416666666667,1.09583333333333
2020,"SLS",8,5,0.625,0.508333333333333,0.116666666666667,30,3.75,2.90416666666667,0.845833333333333
2021,"SLS",8,5,0.625,0.508333333333333,0.116666666666667,15,1.875,2.90416666666667,-1.02916666666667
2022,"SLS",8,4,0.5,0.508333333333333,-0.0083333333333333,25,3.125,2.90416666666667,0.220833333333333
2023,"SLS",8,4,0.5,0.508333333333333,-0.0083333333333333,20,2.5,2.90416666666667,-0.404166666666667
2024,"SLS",8,4,0.5,0.508333333333333,-0.0083333333333333,19,2.375,2.90416666666667,-0.529166666666667
2014,"STY",6,3,0.5,0.723484848484849,-0.223484848484849,35,5.83333333333333,4.66666666666667,1.16666666666667
2015,"STY",6,5,0.833333333333333,0.723484848484849,0.109848484848485,10,1.66666666666667,4.66666666666667,-3
2016,"STY",6,6,1,0.723484848484849,0.276515151515151,32,5.33333333333333,4.66666666666667,0.666666666666666
2017,"STY",8,6,0.75,0.723484848484849,0.0265151515151515,41,5.125,4.66666666666667,0.458333333333333
2018,"STY",8,6,0.75,0.723484848484849,0.0265151515151515,52,6.5,4.66666666666667,1.83333333333333
2019,"STY",8,5,0.625,0.723484848484849,-0.0984848484848485,45,5.625,4.66666666666667,0.958333333333333
2020,"STY",8,6,0.75,0.723484848484849,0.0265151515151515,46,5.75,4.66666666666667,1.08333333333333
2021,"STY",8,5,0.625,0.723484848484849,-0.0984848484848485,41,5.125,4.66666666666667,0.458333333333333
2022,"STY",8,6,0.75,0.723484848484849,0.0265151515151515,23,2.875,4.66666666666667,-1.79166666666667
2023,"STY",8,4,0.5,0.723484848484849,-0.223484848484849,35,4.375,4.66666666666667,-0.291666666666667
2024,"STY",8,7,0.875,0.723484848484849,0.151515151515151,25,3.125,4.66666666666667,-1.54166666666667
2014,"TAI",6,4,0.666666666666667,0.757575757575758,-0.0909090909090909,17,2.83333333333333,3.01515151515152,-0.181818181818182
2015,"TAI",6,1,0.166666666666667,0.757575757575758,-0.590909090909091,0,0,3.01515151515152,-3.01515151515152
2016,"TAI",6,6,1,0.757575757575758,0.242424242424242,30,5,3.01515151515152,1.98484848484848
2017,"TAI",6,6,1,0.757575757575758,0.242424242424242,17,2.83333333333333,3.01515151515152,-0.181818181818182
2018,"TAI",6,5,0.833333333333333,0.757575757575758,0.0757575757575758,30,5,3.01515151515152,1.98484848484848
2019,"TAI",6,5,0.833333333333333,0.757575757575758,0.0757575757575758,14,2.33333333333333,3.01515151515152,-0.681818181818182
2020,"TAI",6,3,0.5,0.757575757575758,-0.257575757575758,12,2,3.01515151515152,-1.01515151515152
2021,"TAI",6,4,0.666666666666667,0.757575757575758,-0.0909090909090909,20,3.33333333333333,3.01515151515152,0.318181818181818
2022,"TAI",6,4,0.666666666666667,0.757575757575758,-0.0909090909090909,18,3,3.01515151515152,-0.0151515151515151
2023,"TAI",6,6,1,0.757575757575758,0.242424242424242,22,3.66666666666667,3.01515151515152,0.651515151515151
2024,"TAI",6,6,1,0.757575757575758,0.242424242424242,19,3.16666666666667,3.01515151515152,0.151515151515151
2014,"TOM",6,0,0,0.0909090909090909,-0.0909090909090909,0,0,0.712121212121212,-0.712121212121212
2015,"TOM",6,0,0,0.0909090909090909,-0.0909090909090909,3,0.5,0.712121212121212,-0.212121212121212
2016,"TOM",6,0,0,0.0909090909090909,-0.0909090909090909,5,0.833333333333333,0.712121212121212,0.121212121212121
2017,"TOM",8,2,0.25,0.0909090909090909,0.159090909090909,17,2.125,0.712121212121212,1.41287878787879
2018,"TOM",8,2,0.25,0.0909090909090909,0.159090909090909,19,2.375,0.712121212121212,1.66287878787879
2019,"TOM",8,1,0.125,0.0909090909090909,0.0340909090909091,5,0.625,0.712121212121212,-0.0871212121212122
2020,"TOM",8,2,0.25,0.0909090909090909,0.159090909090909,6,0.75,0.712121212121212,0.0378787878787878
2021,"TOM",8,1,0.125,0.0909090909090909,0.0340909090909091,5,0.625,0.712121212121212,-0.0871212121212122
2022,"TOM",8,0,0,0.0909090909090909,-0.0909090909090909,0,0,0.712121212121212,-0.712121212121212
2023,"TOM",8,0,0,0.0909090909090909,-0.0909090909090909,0,0,0.712121212121212,-0.712121212121212
2024,"TOM",8,0,0,0.0909090909090909,-0.0909090909090909,0,0,0.712121212121212,-0.712121212121212
